size,block,time
4096,4,0.065537
4096,8,0.051973
4096,16,0.047780
4096,32,0.049246
4096,64,0.050322
4096,128,0.047022
4096,256,0.046925
