size,time
16,0.000000
32,0.000000
64,0.000000
128,0.000001
256,0.000001
512,0.000003
1024,0.000004
2048,0.000009
4096,0.000019
8192,0.000049
16384,0.000078
32768,0.000191
65536,0.000318
131072,0.000859
262144,0.001477
524288,0.002857
1048576,0.006395
2097152,0.013111
4194304,0.025421
