size,block,time
4096,4,0.175909
4096,8,0.165229
4096,16,0.171153
4096,32,0.159885
4096,64,0.175061
4096,128,0.156830
4096,256,0.170119
