size,block,time
4096,4,0.775255
4096,8,0.806680
4096,16,0.937375
4096,32,0.856012
4096,64,0.895275
4096,128,0.861869
4096,256,0.768030
