size,block,time
4096,4,0.081055
4096,8,0.056988
4096,16,0.054392
4096,32,0.052484
4096,64,0.055888
4096,128,0.053519
4096,256,0.050307
