size,block,time
4096,4,0.150963
4096,8,0.150727
4096,16,0.152017
4096,32,0.167514
4096,64,0.153147
4096,128,0.164084
4096,256,0.146958
